k,inertia,silhouette
2,30.048757553100586,0.4801956
3,2.431647777557373,0.4459188
4,0.7399636507034302,0.11404653
