cluster,sequence_index,distance_to_centroid
0,38,0.9651161113837212
0,50,1.9590562378309262
0,52,2.1369544538657705
0,42,4.551135172846929
1,76,2.2903719766347703e-07
