k,inertia,silhouette
2,1.25678288936615,0.7313511
3,0.24286793172359467,0.42925957
4,0.10295116901397705,0.16997407
5,0.046988483518362045,0.0736157
