cluster,sequence_index,distance_to_centroid
0,26,0.16303914290743007
0,30,0.2470921927453119
0,22,0.4071059821654332
0,35,0.43849668890797877
0,32,0.9006286896963139
1,58,1.3328003749250113e-07
