cluster,sequence_index,distance_to_centroid
0,160,0.2691819037467371
0,172,0.31673122924401015
0,205,0.45904842107824134
0,173,0.6153074008779769
0,204,0.7216953339632395
1,182,0.35843684088459776
1,219,0.45646295527205977
1,228,0.47628369622741484
1,225,0.47686205794331943
1,177,0.557592013252565
2,198,0.17592772611259058
2,187,0.22440868700595332
2,169,0.29426554005995015
2,161,0.5610571305119553
2,194,0.6169539767235778
