cluster,sequence_index,distance_to_centroid
0,42,0.07968767005628319
0,46,0.09116533583476075
0,10,0.09666943902122749
0,5,0.0985231325128489
0,16,0.10250578284948231
1,56,0.605320380454346
1,57,0.6604329981789281
1,59,1.213293953176411
2,14,0.4730576433779448
2,13,0.5918482161868831
2,55,0.7140908294878573
2,2,1.3462736021416686
