k,inertia,silhouette
2,0.9076687097549438,0.7599325
3,0.1810728907585144,0.43238974
4,0.08170196413993835,0.14604114
5,0.024607188999652863,0.092602216
