cluster,sequence_index,distance_to_centroid
0,29,0.12621354180714792
0,34,0.20532716250197905
0,22,0.22012627654725625
0,26,0.2729985310597613
1,56,9.8843121241194e-08
2,30,4.393039798390401e-09
