cluster,sequence_index,distance_to_centroid
0,226,0.43766365772301025
0,218,0.6249265545179656
0,176,0.6323317711129778
0,164,0.6522594380584948
0,190,0.7071635192029743
1,180,0.33695417408700296
1,210,0.5130156067002628
1,174,0.516000237102378
1,166,0.5476268023216987
1,182,0.6937708085351622
