cluster,sequence_index,distance_to_centroid
0,277,1.549231554458019
0,1338,1.8451111658400146
0,1912,1.8534322643907428
0,425,1.8972300264788882
0,985,1.9000043394317643
1,711,1.534879719001219
1,1602,1.7609055553078554
1,2259,1.8504179403631356
1,1064,1.883617675571708
1,869,1.8925991394804615
