cluster,sequence_index,distance_to_centroid
0,137,0.11613039224699451
0,156,0.13344593953458225
0,6,0.14066774740477697
0,50,0.14342631261258312
0,93,0.14425062358383695
1,234,0.18923075746721105
1,210,0.3183112005968192
1,169,0.326715632813444
1,202,0.3397514875191434
1,204,0.3460663869809891
