cluster,sequence_index,distance_to_centroid
0,207,0.11479340906556114
0,184,0.1341576145463761
0,185,0.14873509768871793
0,157,0.16140614727758373
0,158,0.16222197917875494
1,192,0.7488741172339431
1,169,0.9026807744214608
1,279,0.9455607467814923
1,227,0.9631488770246902
1,226,0.9640285219601754
2,265,0.7159387563532129
2,206,0.8696312028894666
2,218,0.884728011524402
2,297,0.8882562259820711
2,308,1.1827668477535183
