cluster,sequence_index,distance_to_centroid
0,257,0.8152639839621065
0,220,0.9912180294764414
0,271,1.121516888987368
0,61,1.2447243749254897
0,284,1.2695432272646912
1,219,0.8270576397627256
1,221,0.8373512643086658
1,202,0.8453522224875611
1,15,0.8502449724906932
1,12,0.8827825015330165
2,117,0.5131358475910228
2,179,0.5573635433075282
2,39,0.6295031959614745
2,127,0.6408512940644598
2,164,0.6503366388127042
