cluster,sequence_index,distance_to_centroid
0,189,0.4366053995648124
0,175,0.4895029198818987
0,31,0.5515002710404877
0,76,0.5526019777673633
0,188,0.5721355651903576
1,212,0.7757663980389656
1,203,0.8016313400402606
1,249,0.8307764888238663
1,268,0.8627565045514901
1,223,0.9130922214467414
2,282,0.9512705434740426
2,278,1.2019944358491652
2,276,1.4973081802883192
