cluster,sequence_index,distance_to_centroid
0,55,0.5393242421033877
0,133,0.623632976974781
0,63,0.7308520269864869
0,18,0.7358136616340255
0,29,0.7433083813323484
1,45,0.6741127614966037
1,111,0.7056792300964941
1,14,0.7138252978149092
1,28,0.7159739925003906
1,26,0.7290722246738023
2,61,0.5048743501257303
2,13,0.649992936676919
2,94,0.7185788157360401
2,73,0.7521131711310193
2,25,0.7557541371767702
