cluster,sequence_index,distance_to_centroid
0,1137,0.7759166660334204
0,1344,0.7808294152416535
0,1379,0.949589095665446
0,1432,1.0240151491347613
0,400,1.162220550152435
1,1517,1.452647907559492
1,1795,1.4711877818590076
1,1707,1.5261287954805107
1,1755,1.6623937135640634
1,1592,1.7315668957168446
2,1467,0.9275958607420083
2,129,0.9583354571606713
2,1584,1.0535016445110148
2,754,1.1465774160492306
2,540,1.1481577036371233
