cluster,sequence_index,distance_to_centroid
0,215,0.5596388959626346
0,230,0.6500436481364456
0,0,0.7289723469187248
0,201,0.7379482419356768
0,4,0.746278300661226
1,51,0.5616778085138593
1,23,0.7588800400413561
1,171,0.7613310501390795
1,95,0.77935680881866
1,87,0.8056751300058795
