cluster,sequence_index,distance_to_centroid
0,134,0.11770895311552794
0,63,0.11903234749124804
0,7,0.11947453476143108
0,100,0.12550585893928073
0,50,0.12714876749657547
1,250,0.3317898052581544
1,224,0.5350563986961564
1,244,0.833380091956034
1,169,1.1162803794350684
1,161,1.3913857203439473
2,243,3.1293859018943826e-08
