cluster,sequence_index,distance_to_centroid
0,190,0.23907758289737016
0,188,0.27986795135477865
0,223,0.2818008026584523
0,209,0.29210684873762527
0,170,0.30244417008336416
1,169,0.23589659785205597
1,211,0.23611701163581397
1,183,0.2967666478067158
1,214,0.31361633252115334
1,187,0.40864592301482194
2,257,0.5459175821657519
2,259,0.6879271066583063
2,253,0.745588474935138
2,242,0.8920291982605947
2,233,1.156393847952967
