cluster,sequence_index,distance_to_centroid
0,43,0.35055171393552587
0,24,0.4045544843612541
0,87,0.40556444170608047
0,88,0.4056305322880825
0,211,0.41235189714983933
1,259,0.6812432328611487
1,258,1.731198617225179
1,268,1.8375105297115057
