cluster,sequence_index,distance_to_centroid
0,100,0.4377553608177246
0,77,0.4452142492626312
0,162,0.4475797918462899
0,86,0.4608228280035694
0,23,0.46225710441145096
1,192,0.1875751642788621
1,170,0.23485132620092763
1,181,0.26151913801405396
1,183,0.29278703851374344
1,230,0.41731498687141705
2,92,0.21338785273837074
2,125,0.21468476953599672
2,4,0.24863565252151382
2,141,0.25549443576483827
2,93,0.2663333880832164
