cluster,sequence_index,distance_to_centroid
0,93,0.19041551271989057
0,79,0.2260649858684134
0,45,0.22738246954519548
0,150,0.23086276920447368
0,61,0.2707251207749457
1,19,0.1945174578099411
1,17,0.23122111508421764
1,162,0.2563157413121573
1,34,0.2588010504551608
1,135,0.2588442952654146
