cluster,sequence_index,distance_to_centroid
0,25,0.14480381760823044
0,43,0.14881868880621243
0,94,0.15785548221364187
0,123,0.1604843795554686
0,46,0.16535069824646279
1,165,0.40579055710415013
1,332,0.45684027275106703
1,211,0.4854921303788232
1,197,0.5531637799251752
1,239,0.6212474369276019
2,307,0.7183793276184788
2,316,0.7744755336224722
2,325,0.8664103381337122
2,274,0.8884465864275608
2,342,1.143081355523455
