cluster,sequence_index,distance_to_centroid
0,56,0.46176575758346633
0,94,0.4716814782270382
0,196,0.5213105648975217
0,161,0.5256761083273296
0,95,0.5735497119707476
1,57,0.517629702701457
1,74,0.5646331627501132
1,46,0.5916235194906071
1,128,0.6167001469673574
1,92,0.6207093593233461
2,272,1.4042911548145685e-07
