cluster,sequence_index,distance_to_centroid
0,233,0.4640916004487819
0,237,0.5551484754538633
0,226,0.605780239169989
0,240,0.6853358616151786
0,241,0.953267565260557
1,180,0.249753754824857
1,222,0.25515835979946816
1,193,0.2721352643500025
1,200,0.326608291748054
1,158,0.3352069683420081
2,147,0.12594786254694515
2,52,0.12794004962786432
2,99,0.13284388651414486
2,139,0.13595085899746578
2,0,0.14188836219228657  
