cluster,sequence_index,distance_to_centroid
0,153,0.21090165863725704
0,184,0.2302161581168597
0,141,0.2613880246795336
0,140,0.26196688360762926
0,139,0.270608215153357
1,197,0.1894865981970683
1,57,0.21041772191218464
1,177,0.21086896634667102
1,171,0.22204170632173045
1,28,0.22747201346433749
