cluster,sequence_index,distance_to_centroid
0,256,0.6985470649318335
0,266,1.5491166280518494
0,267,1.687710274305757
0,269,2.5152801030398413
1,169,0.29022189946590254
1,133,0.3149343841604112
1,69,0.31571573908752876
1,106,0.32665512216822573
1,115,0.3398871874615817
