cluster,sequence_index,distance_to_centroid
0,166,0.2242102744072738
0,161,0.24577894180053098
0,170,0.25305413983034125
0,157,0.28429083599399746
0,198,0.28789699118396733
1,153,0.273082633301693
1,184,0.39027017840015477
1,88,0.4063556999373147
1,159,0.4796001589222743
1,165,0.5032265013333387
2,231,0.5090345488079228
2,227,0.5090345742096481
