cluster,sequence_index,distance_to_centroid
0,59,0.7156143251069103
0,53,0.7414005752536728
0,54,0.8245716265893999
0,57,1.1098417710440762
0,51,1.1289625963466492
1,27,0.24232968975353716
1,46,0.2685139657556887
1,1,0.28865979384414336
1,47,0.29651375783306244
1,17,0.30432249851729115
2,39,0.8264331153693917
2,13,1.1283471396045857
2,4,1.1906417315626652
2,49,2.324563790913487
