cluster,sequence_index,distance_to_centroid
0,1829,1.187966264741396
0,1810,1.4830849292755448
0,1807,1.5025100304048409
0,1363,1.7097032960129057
0,512,1.7287211046350777
1,652,1.0380451117750147
1,692,1.0408561223197736
1,892,1.076730245436257
1,1662,1.085652040933058
1,682,1.100920985727441
2,66,0.7823142083416368
2,315,0.9307417688105519
2,1057,0.9993117978012722
2,413,1.0017667422080514
2,223,1.0405288185260029
