cluster,sequence_index,distance_to_centroid
0,208,0.27810561093184766
0,240,0.3298317631874113
0,179,0.3343561621516819
0,265,0.35739307287884375
0,163,0.3735295983126442
1,5,0.2990041791650296
1,133,0.3006341978431367
1,112,0.3136298724498412
1,159,0.31813809951180927
1,93,0.3202282540128342
2,220,0.19876614162787382
2,236,0.2036777854276717
2,226,0.2466710824904418
2,229,0.2814847925374986
2,237,0.31921971957186845
