cluster,sequence_index,distance_to_centroid
0,87,0.4091879204419161
0,21,0.47793012023700443
0,18,0.5104359759727388
0,239,0.5323151317815147
0,105,0.5488286026595454
1,189,0.10454366615812759
1,264,0.12490618632297827
1,181,0.1430500289075446
1,193,0.14548209342599047
1,282,0.1497291413181287
2,53,0.3345093893515727
2,90,0.41176990518705964
2,25,0.4276843849791703
2,3,0.4469054518548846
2,139,0.4496866402254585
