cluster,sequence_index,distance_to_centroid
0,329,0.38619431214709354
0,231,0.48566784555509895
0,248,0.5052854175351449
0,230,0.5311399715924201
0,269,0.554901004187834
1,182,0.29017170981400653
1,206,0.3908065746556216
1,208,0.4467451602669003
1,227,0.4747933007836783
1,234,0.5710093281983093
2,362,0.870040670215529
2,266,0.9079785206239754
2,322,0.953175144158099
2,309,1.1220790166526249
2,286,1.1862641485217964
