cluster,sequence_index,distance_to_centroid
0,780,1.0584992580756674
0,1580,1.1924127946353509
0,844,1.3086934935008212
0,149,1.3214860429104558
0,1004,1.3315874073174712
1,1553,1.2271751657310954
1,1367,1.314061426984533
1,573,1.392944819947351
1,982,1.4063699318620504
1,714,1.4154943262221633
