cluster,sequence_index,distance_to_centroid
0,205,0.5198362754289332
0,163,0.5931354253063528
0,198,0.5994021845039815
0,213,0.6165404695463329
0,190,0.6208706379092298
1,230,0.2686499241322705
1,156,0.3868081290500993
1,103,0.550670784399532
1,212,0.6235650123385977
1,176,0.7097220564920257
2,220,0.3670201737381831
2,229,0.3670203196551475
