cluster,sequence_index,distance_to_centroid
0,148,0.555673917706322
0,131,0.595110609632794
0,120,0.6302808719202961
0,71,0.6574486165333987
0,145,0.6603547030269751
1,24,0.7147900451602518
1,184,0.8524410942893539
1,83,0.8805452188464232
1,193,0.8884270125540975
1,181,0.8950416471085754
