cluster,sequence_index,distance_to_centroid
0,120,0.1828805138808244
0,156,0.19449808703008473
0,20,0.2044451305919313
0,4,0.20720773031808523
0,32,0.21228966917590483
1,230,0.5218759885731418
1,202,0.5505393138999485
1,199,0.5641598982807164
1,217,0.5952856788281913
1,165,0.6505558895512152
2,225,0.5645023918709414
2,278,0.7362832617578893
2,236,0.750375811091271
2,233,0.8348171392561535
2,265,0.9058515113946735
