cluster,sequence_index,distance_to_centroid
0,247,0.4948529232003383
0,234,0.5347861254297172
0,229,0.599893977806561
0,237,0.6042899911247186
0,226,0.6479657059548525
1,167,0.3564253603049662
1,212,0.3643055836611137
1,213,0.6418807699777309
1,165,0.7217086195893091
1,189,0.8372149781770193
2,98,0.14144344576477588
2,5,0.1441250903087765
2,39,0.14669763073406358
2,156,0.17217579384107592
2,117,0.173662305783207
