k,inertia,silhouette
2,1.8345478773117065,0.70308363
3,0.1499394178390503,0.44649082
4,0.06664493680000305,0.03279853
