cluster,sequence_index,distance_to_centroid
0,52,0.3999836485085881
0,47,0.4156715037443825
0,48,0.48818200337202455
0,45,1.124035765847604
1,78,1.1542389828584841e-07
