cluster,sequence_index,distance_to_centroid
0,186,0.24137878213631123
0,212,0.24646447471513508
0,168,0.3079179559933911
0,193,0.3139514382598846
0,220,0.31441197160071704
1,214,0.22287985579301212
1,162,0.26952162976712907
1,207,0.2702442587743997
1,164,0.27584939960779037
1,173,0.2858940244187197
