cluster,sequence_index,distance_to_centroid
0,847,0.9580709622317626
0,178,0.9847686494470972
0,1477,1.0350367556235178
0,1070,1.0492399331708908
0,1622,1.0515386429725961
1,463,1.0880157443842415
1,975,1.2188923916772887
1,941,1.2365973938888912
1,632,1.2542886186034217
1,130,1.3191176790986796
