cluster,sequence_index,distance_to_centroid
0,176,0.8287557018445161
0,143,0.9586908638019341
0,151,1.0156329320037696
0,148,1.0906476303419836
0,80,1.092771018596874
1,221,0.5133592501608779
1,194,0.5544072697394932
1,193,0.6030038969076266
1,216,0.6351866606053292
1,211,0.641747023018748
