cluster,sequence_index,distance_to_centroid
0,207,0.5800334547176913
0,189,0.889196374822266
0,209,0.9470025188027299
0,173,1.0814841331448182
0,251,1.0885747338444596
1,216,0.1730629937390278
1,258,0.26630904814475936
1,214,0.4900832025778726
1,267,0.496331990058212
1,257,1.239557670935022
2,174,0.32737875296138236
2,249,0.4031038311350347
2,233,0.4395354299162942
2,27,0.45155469794393993
2,264,0.5637658653375179
